{
  "body": "{\"address\":\"Noida, Uttar Pradesh, India\",\"lat\":28.5355161,\"long\":77.39102649999995}"
}